date,start,end,timezone
2025-01-01,09:00,10:30,Asia/Kolkata
2025-01-01,11:00,12:30,Asia/Kolkata
2025-01-01,13:00,14:00,Asia/Kolkata
2025-01-01,14:30,15:30,Asia/Kolkata
2025-01-01,16:00,17:00,Asia/Kolkata
2025-01-01,17:30,18:30,Asia/Kolkata
2025-01-02,09:00,10:30,Asia/Kolkata
2025-01-02,11:00,12:30,Asia/Kolkata
2025-01-02,13:00,14:00,Asia/Kolkata
2025-01-02,14:30,15:30,Asia/Kolkata
2025-01-02,16:00,17:00,Asia/Kolkata
2025-01-02,17:30,18:30,Asia/Kolkata
2025-01-03,09:00,10:30,Asia/Kolkata
2025-01-03,11:00,12:30,Asia/Kolkata
2025-01-03,13:00,14:00,Asia/Kolkata
2025-01-03,14:30,15:30,Asia/Kolkata
2025-01-03,16:00,17:00,Asia/Kolkata
2025-01-03,17:30,18:30,Asia/Kolkata
2025-01-04,09:00,10:30,Asia/Kolkata
2025-01-04,11:00,12:30,Asia/Kolkata
2025-01-04,13:00,14:00,Asia/Kolkata
2025-01-04,14:30,15:30,Asia/Kolkata
2025-01-04,16:00,17:00,Asia/Kolkata
2025-01-04,17:30,18:30,Asia/Kolkata
2025-01-05,09:00,10:30,Asia/Kolkata
2025-01-05,11:00,12:30,Asia/Kolkata
2025-01-05,13:00,14:00,Asia/Kolkata
2025-01-05,14:30,15:30,Asia/Kolkata
2025-01-05,16:00,17:00,Asia/Kolkata
2025-01-05,17:30,18:30,Asia/Kolkata
2025-01-06,09:00,10:30,Asia/Kolkata
2025-01-06,11:00,12:30,Asia/Kolkata
2025-01-06,13:00,14:00,Asia/Kolkata
2025-01-06,14:30,15:30,Asia/Kolkata
2025-01-06,16:00,17:00,Asia/Kolkata
2025-01-06,17:30,18:30,Asia/Kolkata
2025-01-07,09:00,10:30,Asia/Kolkata
2025-01-07,11:00,12:30,Asia/Kolkata
2025-01-07,13:00,14:00,Asia/Kolkata
2025-01-07,14:30,15:30,Asia/Kolkata
2025-01-07,16:00,17:00,Asia/Kolkata
2025-01-07,17:30,18:30,Asia/Kolkata
2025-01-08,09:00,10:30,Asia/Kolkata
2025-01-08,11:00,12:30,Asia/Kolkata
2025-01-08,13:00,14:00,Asia/Kolkata
2025-01-08,14:30,15:30,Asia/Kolkata
2025-01-08,16:00,17:00,Asia/Kolkata
2025-01-08,17:30,18:30,Asia/Kolkata
2025-01-09,09:00,10:30,Asia/Kolkata
2025-01-09,11:00,12:30,Asia/Kolkata
2025-01-09,13:00,14:00,Asia/Kolkata
2025-01-09,14:30,15:30,Asia/Kolkata
2025-01-09,16:00,17:00,Asia/Kolkata
2025-01-09,17:30,18:30,Asia/Kolkata
2025-01-10,09:00,10:30,Asia/Kolkata
2025-01-10,11:00,12:30,Asia/Kolkata
2025-01-10,13:00,14:00,Asia/Kolkata
2025-01-10,14:30,15:30,Asia/Kolkata
2025-01-10,16:00,17:00,Asia/Kolkata
2025-01-10,17:30,18:30,Asia/Kolkata
2025-01-11,09:00,10:30,Asia/Kolkata
2025-01-11,11:00,12:30,Asia/Kolkata
2025-01-11,13:00,14:00,Asia/Kolkata
2025-01-11,14:30,15:30,Asia/Kolkata
2025-01-11,16:00,17:00,Asia/Kolkata
2025-01-11,17:30,18:30,Asia/Kolkata
2025-01-12,09:00,10:30,Asia/Kolkata
2025-01-12,11:00,12:30,Asia/Kolkata
2025-01-12,13:00,14:00,Asia/Kolkata
2025-01-12,14:30,15:30,Asia/Kolkata
2025-01-12,16:00,17:00,Asia/Kolkata
2025-01-12,17:30,18:30,Asia/Kolkata
2025-01-13,09:00,10:30,Asia/Kolkata
2025-01-13,11:00,12:30,Asia/Kolkata
2025-01-13,13:00,14:00,Asia/Kolkata
2025-01-13,14:30,15:30,Asia/Kolkata
2025-01-13,16:00,17:00,Asia/Kolkata
2025-01-13,17:30,18:30,Asia/Kolkata
2025-01-14,09:00,10:30,Asia/Kolkata
2025-01-14,11:00,12:30,Asia/Kolkata
2025-01-14,13:00,14:00,Asia/Kolkata
2025-01-14,14:30,15:30,Asia/Kolkata
2025-01-14,16:00,17:00,Asia/Kolkata
2025-01-14,17:30,18:30,Asia/Kolkata
2025-01-15,09:00,10:30,Asia/Kolkata
2025-01-15,11:00,12:30,Asia/Kolkata
2025-01-15,13:00,14:00,Asia/Kolkata
2025-01-15,14:30,15:30,Asia/Kolkata
2025-01-15,16:00,17:00,Asia/Kolkata
2025-01-15,17:30,18:30,Asia/Kolkata
2025-01-16,09:00,10:30,Asia/Kolkata
2025-01-16,11:00,12:30,Asia/Kolkata
2025-01-16,13:00,14:00,Asia/Kolkata
2025-01-16,14:30,15:30,Asia/Kolkata
2025-01-16,16:00,17:00,Asia/Kolkata
2025-01-16,17:30,18:30,Asia/Kolkata
2025-01-17,09:00,10:30,Asia/Kolkata
2025-01-17,11:00,12:30,Asia/Kolkata
2025-01-17,13:00,14:00,Asia/Kolkata
2025-01-17,14:30,15:30,Asia/Kolkata
2025-01-17,16:00,17:00,Asia/Kolkata
2025-01-17,17:30,18:30,Asia/Kolkata
2025-01-18,09:00,10:30,Asia/Kolkata
2025-01-18,11:00,12:30,Asia/Kolkata
2025-01-18,13:00,14:00,Asia/Kolkata
2025-01-18,14:30,15:30,Asia/Kolkata
2025-01-18,16:00,17:00,Asia/Kolkata
2025-01-18,17:30,18:30,Asia/Kolkata
2025-01-19,09:00,10:30,Asia/Kolkata
2025-01-19,11:00,12:30,Asia/Kolkata
2025-01-19,13:00,14:00,Asia/Kolkata
2025-01-19,14:30,15:30,Asia/Kolkata
2025-01-19,16:00,17:00,Asia/Kolkata
2025-01-19,17:30,18:30,Asia/Kolkata
2025-01-20,09:00,10:30,Asia/Kolkata
2025-01-20,11:00,12:30,Asia/Kolkata
2025-01-20,13:00,14:00,Asia/Kolkata
2025-01-20,14:30,15:30,Asia/Kolkata
2025-01-20,16:00,17:00,Asia/Kolkata
2025-01-20,17:30,18:30,Asia/Kolkata
2025-01-21,09:00,10:30,Asia/Kolkata
2025-01-21,11:00,12:30,Asia/Kolkata
2025-01-21,13:00,14:00,Asia/Kolkata
2025-01-21,14:30,15:30,Asia/Kolkata
2025-01-21,16:00,17:00,Asia/Kolkata
2025-01-21,17:30,18:30,Asia/Kolkata
2025-01-22,09:00,10:30,Asia/Kolkata
2025-01-22,11:00,12:30,Asia/Kolkata
2025-01-22,13:00,14:00,Asia/Kolkata
2025-01-22,14:30,15:30,Asia/Kolkata
2025-01-22,16:00,17:00,Asia/Kolkata
2025-01-22,17:30,18:30,Asia/Kolkata
2025-01-23,09:00,10:30,Asia/Kolkata
2025-01-23,11:00,12:30,Asia/Kolkata
2025-01-23,13:00,14:00,Asia/Kolkata
2025-01-23,14:30,15:30,Asia/Kolkata
2025-01-23,16:00,17:00,Asia/Kolkata
2025-01-23,17:30,18:30,Asia/Kolkata
2025-01-24,09:00,10:30,Asia/Kolkata
2025-01-24,11:00,12:30,Asia/Kolkata
2025-01-24,13:00,14:00,Asia/Kolkata
2025-01-24,14:30,15:30,Asia/Kolkata
2025-01-24,16:00,17:00,Asia/Kolkata
2025-01-24,17:30,18:30,Asia/Kolkata
2025-01-25,09:00,10:30,Asia/Kolkata
2025-01-25,11:00,12:30,Asia/Kolkata
2025-01-25,13:00,14:00,Asia/Kolkata
2025-01-25,14:30,15:30,Asia/Kolkata
2025-01-25,16:00,17:00,Asia/Kolkata
2025-01-25,17:30,18:30,Asia/Kolkata
2025-01-26,09:00,10:30,Asia/Kolkata
2025-01-26,11:00,12:30,Asia/Kolkata
2025-01-26,13:00,14:00,Asia/Kolkata
2025-01-26,14:30,15:30,Asia/Kolkata
2025-01-26,16:00,17:00,Asia/Kolkata
2025-01-26,17:30,18:30,Asia/Kolkata
2025-01-27,09:00,10:30,Asia/Kolkata
2025-01-27,11:00,12:30,Asia/Kolkata
2025-01-27,13:00,14:00,Asia/Kolkata
2025-01-27,14:30,15:30,Asia/Kolkata
2025-01-27,16:00,17:00,Asia/Kolkata
2025-01-27,17:30,18:30,Asia/Kolkata
2025-01-28,09:00,10:30,Asia/Kolkata
2025-01-28,11:00,12:30,Asia/Kolkata
2025-01-28,13:00,14:00,Asia/Kolkata
2025-01-28,14:30,15:30,Asia/Kolkata
2025-01-28,16:00,17:00,Asia/Kolkata
2025-01-28,17:30,18:30,Asia/Kolkata
2025-01-29,09:00,10:30,Asia/Kolkata
2025-01-29,11:00,12:30,Asia/Kolkata
2025-01-29,13:00,14:00,Asia/Kolkata
2025-01-29,14:30,15:30,Asia/Kolkata
2025-01-29,16:00,17:00,Asia/Kolkata
2025-01-29,17:30,18:30,Asia/Kolkata
2025-01-30,09:00,10:30,Asia/Kolkata
2025-01-30,11:00,12:30,Asia/Kolkata
2025-01-30,13:00,14:00,Asia/Kolkata
2025-01-30,14:30,15:30,Asia/Kolkata
2025-01-30,16:00,17:00,Asia/Kolkata
2025-01-30,17:30,18:30,Asia/Kolkata
2025-01-31,09:00,10:30,Asia/Kolkata
2025-01-31,11:00,12:30,Asia/Kolkata
2025-01-31,13:00,14:00,Asia/Kolkata
2025-01-31,14:30,15:30,Asia/Kolkata
2025-01-31,16:00,17:00,Asia/Kolkata
2025-01-31,17:30,18:30,Asia/Kolkata
2025-02-01,09:00,10:30,Asia/Kolkata
2025-02-01,11:00,12:30,Asia/Kolkata
2025-02-01,13:00,14:00,Asia/Kolkata
2025-02-01,14:30,15:30,Asia/Kolkata
2025-02-01,16:00,17:00,Asia/Kolkata
2025-02-01,17:30,18:30,Asia/Kolkata
2025-02-02,09:00,10:30,Asia/Kolkata
2025-02-02,11:00,12:30,Asia/Kolkata
2025-02-02,13:00,14:00,Asia/Kolkata
2025-02-02,14:30,15:30,Asia/Kolkata
2025-02-02,16:00,17:00,Asia/Kolkata
2025-02-02,17:30,18:30,Asia/Kolkata
2025-02-03,09:00,10:30,Asia/Kolkata
2025-02-03,11:00,12:30,Asia/Kolkata
2025-02-03,13:00,14:00,Asia/Kolkata
2025-02-03,14:30,15:30,Asia/Kolkata
2025-02-03,16:00,17:00,Asia/Kolkata
2025-02-03,17:30,18:30,Asia/Kolkata
2025-02-04,09:00,10:30,Asia/Kolkata
2025-02-04,11:00,12:30,Asia/Kolkata
2025-02-04,13:00,14:00,Asia/Kolkata
2025-02-04,14:30,15:30,Asia/Kolkata
2025-02-04,16:00,17:00,Asia/Kolkata
2025-02-04,17:30,18:30,Asia/Kolkata
2025-02-05,09:00,10:30,Asia/Kolkata
2025-02-05,11:00,12:30,Asia/Kolkata
2025-02-05,13:00,14:00,Asia/Kolkata
2025-02-05,14:30,15:30,Asia/Kolkata
2025-02-05,16:00,17:00,Asia/Kolkata
2025-02-05,17:30,18:30,Asia/Kolkata
2025-02-06,09:00,10:30,Asia/Kolkata
2025-02-06,11:00,12:30,Asia/Kolkata
2025-02-06,13:00,14:00,Asia/Kolkata
2025-02-06,14:30,15:30,Asia/Kolkata
2025-02-06,16:00,17:00,Asia/Kolkata
2025-02-06,17:30,18:30,Asia/Kolkata
2025-02-07,09:00,10:30,Asia/Kolkata
2025-02-07,11:00,12:30,Asia/Kolkata
2025-02-07,13:00,14:00,Asia/Kolkata
2025-02-07,14:30,15:30,Asia/Kolkata
2025-02-07,16:00,17:00,Asia/Kolkata
2025-02-07,17:30,18:30,Asia/Kolkata
2025-02-08,09:00,10:30,Asia/Kolkata
2025-02-08,11:00,12:30,Asia/Kolkata
2025-02-08,13:00,14:00,Asia/Kolkata
2025-02-08,14:30,15:30,Asia/Kolkata
2025-02-08,16:00,17:00,Asia/Kolkata
2025-02-08,17:30,18:30,Asia/Kolkata
2025-02-09,09:00,10:30,Asia/Kolkata
2025-02-09,11:00,12:30,Asia/Kolkata
2025-02-09,13:00,14:00,Asia/Kolkata
2025-02-09,14:30,15:30,Asia/Kolkata
2025-02-09,16:00,17:00,Asia/Kolkata
2025-02-09,17:30,18:30,Asia/Kolkata
2025-02-10,09:00,10:30,Asia/Kolkata
2025-02-10,11:00,12:30,Asia/Kolkata
2025-02-10,13:00,14:00,Asia/Kolkata
2025-02-10,14:30,15:30,Asia/Kolkata
2025-02-10,16:00,17:00,Asia/Kolkata
2025-02-10,17:30,18:30,Asia/Kolkata
2025-02-11,09:00,10:30,Asia/Kolkata
2025-02-11,11:00,12:30,Asia/Kolkata
2025-02-11,13:00,14:00,Asia/Kolkata
2025-02-11,14:30,15:30,Asia/Kolkata
2025-02-11,16:00,17:00,Asia/Kolkata
2025-02-11,17:30,18:30,Asia/Kolkata
2025-02-12,09:00,10:30,Asia/Kolkata
2025-02-12,11:00,12:30,Asia/Kolkata
2025-02-12,13:00,14:00,Asia/Kolkata
2025-02-12,14:30,15:30,Asia/Kolkata
2025-02-12,16:00,17:00,Asia/Kolkata
2025-02-12,17:30,18:30,Asia/Kolkata
2025-02-13,09:00,10:30,Asia/Kolkata
2025-02-13,11:00,12:30,Asia/Kolkata
2025-02-13,13:00,14:00,Asia/Kolkata
2025-02-13,14:30,15:30,Asia/Kolkata
2025-02-13,16:00,17:00,Asia/Kolkata
2025-02-13,17:30,18:30,Asia/Kolkata
2025-02-14,09:00,10:30,Asia/Kolkata
2025-02-14,11:00,12:30,Asia/Kolkata
2025-02-14,13:00,14:00,Asia/Kolkata
2025-02-14,14:30,15:30,Asia/Kolkata
2025-02-14,16:00,17:00,Asia/Kolkata
2025-02-14,17:30,18:30,Asia/Kolkata
2025-02-15,09:00,10:30,Asia/Kolkata
2025-02-15,11:00,12:30,Asia/Kolkata
2025-02-15,13:00,14:00,Asia/Kolkata
2025-02-15,14:30,15:30,Asia/Kolkata
2025-02-15,16:00,17:00,Asia/Kolkata
2025-02-15,17:30,18:30,Asia/Kolkata
2025-02-16,09:00,10:30,Asia/Kolkata
2025-02-16,11:00,12:30,Asia/Kolkata
2025-02-16,13:00,14:00,Asia/Kolkata
2025-02-16,14:30,15:30,Asia/Kolkata
2025-02-16,16:00,17:00,Asia/Kolkata
2025-02-16,17:30,18:30,Asia/Kolkata
2025-02-17,09:00,10:30,Asia/Kolkata
2025-02-17,11:00,12:30,Asia/Kolkata
2025-02-17,13:00,14:00,Asia/Kolkata
2025-02-17,14:30,15:30,Asia/Kolkata
2025-02-17,16:00,17:00,Asia/Kolkata
2025-02-17,17:30,18:30,Asia/Kolkata
2025-02-18,09:00,10:30,Asia/Kolkata
2025-02-18,11:00,12:30,Asia/Kolkata
2025-02-18,13:00,14:00,Asia/Kolkata
2025-02-18,14:30,15:30,Asia/Kolkata
2025-02-18,16:00,17:00,Asia/Kolkata
2025-02-18,17:30,18:30,Asia/Kolkata
2025-02-19,09:00,10:30,Asia/Kolkata
2025-02-19,11:00,12:30,Asia/Kolkata
2025-02-19,13:00,14:00,Asia/Kolkata
2025-02-19,14:30,15:30,Asia/Kolkata
2025-02-19,16:00,17:00,Asia/Kolkata
2025-02-19,17:30,18:30,Asia/Kolkata
2025-02-20,09:00,10:30,Asia/Kolkata
2025-02-20,11:00,12:30,Asia/Kolkata
2025-02-20,13:00,14:00,Asia/Kolkata
2025-02-20,14:30,15:30,Asia/Kolkata
2025-02-20,16:00,17:00,Asia/Kolkata
2025-02-20,17:30,18:30,Asia/Kolkata
2025-02-21,09:00,10:30,Asia/Kolkata
2025-02-21,11:00,12:30,Asia/Kolkata
2025-02-21,13:00,14:00,Asia/Kolkata
2025-02-21,14:30,15:30,Asia/Kolkata
2025-02-21,16:00,17:00,Asia/Kolkata
2025-02-21,17:30,18:30,Asia/Kolkata
2025-02-22,09:00,10:30,Asia/Kolkata
2025-02-22,11:00,12:30,Asia/Kolkata
2025-02-22,13:00,14:00,Asia/Kolkata
2025-02-22,14:30,15:30,Asia/Kolkata
2025-02-22,16:00,17:00,Asia/Kolkata
2025-02-22,17:30,18:30,Asia/Kolkata
2025-02-23,09:00,10:30,Asia/Kolkata
2025-02-23,11:00,12:30,Asia/Kolkata
2025-02-23,13:00,14:00,Asia/Kolkata
2025-02-23,14:30,15:30,Asia/Kolkata
2025-02-23,16:00,17:00,Asia/Kolkata
2025-02-23,17:30,18:30,Asia/Kolkata
2025-02-24,09:00,10:30,Asia/Kolkata
2025-02-24,11:00,12:30,Asia/Kolkata
2025-02-24,13:00,14:00,Asia/Kolkata
2025-02-24,14:30,15:30,Asia/Kolkata
2025-02-24,16:00,17:00,Asia/Kolkata
2025-02-24,17:30,18:30,Asia/Kolkata
2025-02-25,09:00,10:30,Asia/Kolkata
2025-02-25,11:00,12:30,Asia/Kolkata
2025-02-25,13:00,14:00,Asia/Kolkata
2025-02-25,14:30,15:30,Asia/Kolkata
2025-02-25,16:00,17:00,Asia/Kolkata
2025-02-25,17:30,18:30,Asia/Kolkata
2025-02-26,09:00,10:30,Asia/Kolkata
2025-02-26,11:00,12:30,Asia/Kolkata
2025-02-26,13:00,14:00,Asia/Kolkata
2025-02-26,14:30,15:30,Asia/Kolkata
2025-02-26,16:00,17:00,Asia/Kolkata
2025-02-26,17:30,18:30,Asia/Kolkata
2025-02-27,09:00,10:30,Asia/Kolkata
2025-02-27,11:00,12:30,Asia/Kolkata
2025-02-27,13:00,14:00,Asia/Kolkata
2025-02-27,14:30,15:30,Asia/Kolkata
2025-02-27,16:00,17:00,Asia/Kolkata
2025-02-27,17:30,18:30,Asia/Kolkata
2025-02-28,09:00,10:30,Asia/Kolkata
2025-02-28,11:00,12:30,Asia/Kolkata
2025-02-28,13:00,14:00,Asia/Kolkata
2025-02-28,14:30,15:30,Asia/Kolkata
2025-02-28,16:00,17:00,Asia/Kolkata
2025-02-28,17:30,18:30,Asia/Kolkata
2025-03-01,09:00,10:30,Asia/Kolkata
2025-03-01,11:00,12:30,Asia/Kolkata
2025-03-01,13:00,14:00,Asia/Kolkata
2025-03-01,14:30,15:30,Asia/Kolkata
2025-03-01,16:00,17:00,Asia/Kolkata
2025-03-01,17:30,18:30,Asia/Kolkata
2025-03-02,09:00,10:30,Asia/Kolkata
2025-03-02,11:00,12:30,Asia/Kolkata
2025-03-02,13:00,14:00,Asia/Kolkata
2025-03-02,14:30,15:30,Asia/Kolkata
2025-03-02,16:00,17:00,Asia/Kolkata
2025-03-02,17:30,18:30,Asia/Kolkata
2025-03-03,09:00,10:30,Asia/Kolkata
2025-03-03,11:00,12:30,Asia/Kolkata
2025-03-03,13:00,14:00,Asia/Kolkata
2025-03-03,14:30,15:30,Asia/Kolkata
2025-03-03,16:00,17:00,Asia/Kolkata
2025-03-03,17:30,18:30,Asia/Kolkata
2025-03-04,09:00,10:30,Asia/Kolkata
2025-03-04,11:00,12:30,Asia/Kolkata
2025-03-04,13:00,14:00,Asia/Kolkata
2025-03-04,14:30,15:30,Asia/Kolkata
2025-03-04,16:00,17:00,Asia/Kolkata
2025-03-04,17:30,18:30,Asia/Kolkata
2025-03-05,09:00,10:30,Asia/Kolkata
2025-03-05,11:00,12:30,Asia/Kolkata
2025-03-05,13:00,14:00,Asia/Kolkata
2025-03-05,14:30,15:30,Asia/Kolkata
2025-03-05,16:00,17:00,Asia/Kolkata
2025-03-05,17:30,18:30,Asia/Kolkata
2025-03-06,09:00,10:30,Asia/Kolkata
2025-03-06,11:00,12:30,Asia/Kolkata
2025-03-06,13:00,14:00,Asia/Kolkata
2025-03-06,14:30,15:30,Asia/Kolkata
2025-03-06,16:00,17:00,Asia/Kolkata
2025-03-06,17:30,18:30,Asia/Kolkata
2025-03-07,09:00,10:30,Asia/Kolkata
2025-03-07,11:00,12:30,Asia/Kolkata
2025-03-07,13:00,14:00,Asia/Kolkata
2025-03-07,14:30,15:30,Asia/Kolkata
2025-03-07,16:00,17:00,Asia/Kolkata
2025-03-07,17:30,18:30,Asia/Kolkata
2025-03-08,09:00,10:30,Asia/Kolkata
2025-03-08,11:00,12:30,Asia/Kolkata
2025-03-08,13:00,14:00,Asia/Kolkata
2025-03-08,14:30,15:30,Asia/Kolkata
2025-03-08,16:00,17:00,Asia/Kolkata
2025-03-08,17:30,18:30,Asia/Kolkata
2025-03-09,09:00,10:30,Asia/Kolkata
2025-03-09,11:00,12:30,Asia/Kolkata
2025-03-09,13:00,14:00,Asia/Kolkata
2025-03-09,14:30,15:30,Asia/Kolkata
2025-03-09,16:00,17:00,Asia/Kolkata
2025-03-09,17:30,18:30,Asia/Kolkata
2025-03-10,09:00,10:30,Asia/Kolkata
2025-03-10,11:00,12:30,Asia/Kolkata
2025-03-10,13:00,14:00,Asia/Kolkata
2025-03-10,14:30,15:30,Asia/Kolkata
2025-03-10,16:00,17:00,Asia/Kolkata
2025-03-10,17:30,18:30,Asia/Kolkata
2025-03-11,09:00,10:30,Asia/Kolkata
2025-03-11,11:00,12:30,Asia/Kolkata
2025-03-11,13:00,14:00,Asia/Kolkata
2025-03-11,14:30,15:30,Asia/Kolkata
2025-03-11,16:00,17:00,Asia/Kolkata
2025-03-11,17:30,18:30,Asia/Kolkata
2025-03-12,09:00,10:30,Asia/Kolkata
2025-03-12,11:00,12:30,Asia/Kolkata
2025-03-12,13:00,14:00,Asia/Kolkata
2025-03-12,14:30,15:30,Asia/Kolkata
2025-03-12,16:00,17:00,Asia/Kolkata
2025-03-12,17:30,18:30,Asia/Kolkata
2025-03-13,09:00,10:30,Asia/Kolkata
2025-03-13,11:00,12:30,Asia/Kolkata
2025-03-13,13:00,14:00,Asia/Kolkata
2025-03-13,14:30,15:30,Asia/Kolkata
2025-03-13,16:00,17:00,Asia/Kolkata
2025-03-13,17:30,18:30,Asia/Kolkata
2025-03-14,09:00,10:30,Asia/Kolkata
2025-03-14,11:00,12:30,Asia/Kolkata
2025-03-14,13:00,14:00,Asia/Kolkata
2025-03-14,14:30,15:30,Asia/Kolkata
2025-03-14,16:00,17:00,Asia/Kolkata
2025-03-14,17:30,18:30,Asia/Kolkata
2025-03-15,09:00,10:30,Asia/Kolkata
2025-03-15,11:00,12:30,Asia/Kolkata
2025-03-15,13:00,14:00,Asia/Kolkata
2025-03-15,14:30,15:30,Asia/Kolkata
2025-03-15,16:00,17:00,Asia/Kolkata
2025-03-15,17:30,18:30,Asia/Kolkata
2025-03-16,09:00,10:30,Asia/Kolkata
2025-03-16,11:00,12:30,Asia/Kolkata
2025-03-16,13:00,14:00,Asia/Kolkata
2025-03-16,14:30,15:30,Asia/Kolkata
2025-03-16,16:00,17:00,Asia/Kolkata
2025-03-16,17:30,18:30,Asia/Kolkata
2025-03-17,09:00,10:30,Asia/Kolkata
2025-03-17,11:00,12:30,Asia/Kolkata
2025-03-17,13:00,14:00,Asia/Kolkata
2025-03-17,14:30,15:30,Asia/Kolkata
2025-03-17,16:00,17:00,Asia/Kolkata
2025-03-17,17:30,18:30,Asia/Kolkata
2025-03-18,09:00,10:30,Asia/Kolkata
2025-03-18,11:00,12:30,Asia/Kolkata
2025-03-18,13:00,14:00,Asia/Kolkata
2025-03-18,14:30,15:30,Asia/Kolkata
2025-03-18,16:00,17:00,Asia/Kolkata
2025-03-18,17:30,18:30,Asia/Kolkata
2025-03-19,09:00,10:30,Asia/Kolkata
2025-03-19,11:00,12:30,Asia/Kolkata
2025-03-19,13:00,14:00,Asia/Kolkata
2025-03-19,14:30,15:30,Asia/Kolkata
2025-03-19,16:00,17:00,Asia/Kolkata
2025-03-19,17:30,18:30,Asia/Kolkata
2025-03-20,09:00,10:30,Asia/Kolkata
2025-03-20,11:00,12:30,Asia/Kolkata
2025-03-20,13:00,14:00,Asia/Kolkata
2025-03-20,14:30,15:30,Asia/Kolkata
2025-03-20,16:00,17:00,Asia/Kolkata
2025-03-20,17:30,18:30,Asia/Kolkata
2025-03-21,09:00,10:30,Asia/Kolkata
2025-03-21,11:00,12:30,Asia/Kolkata
2025-03-21,13:00,14:00,Asia/Kolkata
2025-03-21,14:30,15:30,Asia/Kolkata
2025-03-21,16:00,17:00,Asia/Kolkata
2025-03-21,17:30,18:30,Asia/Kolkata
2025-03-22,09:00,10:30,Asia/Kolkata
2025-03-22,11:00,12:30,Asia/Kolkata
2025-03-22,13:00,14:00,Asia/Kolkata
2025-03-22,14:30,15:30,Asia/Kolkata
2025-03-22,16:00,17:00,Asia/Kolkata
2025-03-22,17:30,18:30,Asia/Kolkata
2025-03-23,09:00,10:30,Asia/Kolkata
2025-03-23,11:00,12:30,Asia/Kolkata
2025-03-23,13:00,14:00,Asia/Kolkata
2025-03-23,14:30,15:30,Asia/Kolkata
2025-03-23,16:00,17:00,Asia/Kolkata
2025-03-23,17:30,18:30,Asia/Kolkata
2025-03-24,09:00,10:30,Asia/Kolkata
2025-03-24,11:00,12:30,Asia/Kolkata
2025-03-24,13:00,14:00,Asia/Kolkata
2025-03-24,14:30,15:30,Asia/Kolkata
2025-03-24,16:00,17:00,Asia/Kolkata
2025-03-24,17:30,18:30,Asia/Kolkata
2025-03-25,09:00,10:30,Asia/Kolkata
2025-03-25,11:00,12:30,Asia/Kolkata
2025-03-25,13:00,14:00,Asia/Kolkata
2025-03-25,14:30,15:30,Asia/Kolkata
2025-03-25,16:00,17:00,Asia/Kolkata
2025-03-25,17:30,18:30,Asia/Kolkata
2025-03-26,09:00,10:30,Asia/Kolkata
2025-03-26,11:00,12:30,Asia/Kolkata
2025-03-26,13:00,14:00,Asia/Kolkata
2025-03-26,14:30,15:30,Asia/Kolkata
2025-03-26,16:00,17:00,Asia/Kolkata
2025-03-26,17:30,18:30,Asia/Kolkata
2025-03-27,09:00,10:30,Asia/Kolkata
2025-03-27,11:00,12:30,Asia/Kolkata
2025-03-27,13:00,14:00,Asia/Kolkata
2025-03-27,14:30,15:30,Asia/Kolkata
2025-03-27,16:00,17:00,Asia/Kolkata
2025-03-27,17:30,18:30,Asia/Kolkata
2025-03-28,09:00,10:30,Asia/Kolkata
2025-03-28,11:00,12:30,Asia/Kolkata
2025-03-28,13:00,14:00,Asia/Kolkata
2025-03-28,14:30,15:30,Asia/Kolkata
2025-03-28,16:00,17:00,Asia/Kolkata
2025-03-28,17:30,18:30,Asia/Kolkata
2025-03-29,09:00,10:30,Asia/Kolkata
2025-03-29,11:00,12:30,Asia/Kolkata
2025-03-29,13:00,14:00,Asia/Kolkata
2025-03-29,14:30,15:30,Asia/Kolkata
2025-03-29,16:00,17:00,Asia/Kolkata
2025-03-29,17:30,18:30,Asia/Kolkata
2025-03-30,09:00,10:30,Asia/Kolkata
2025-03-30,11:00,12:30,Asia/Kolkata
2025-03-30,13:00,14:00,Asia/Kolkata
2025-03-30,14:30,15:30,Asia/Kolkata
2025-03-30,16:00,17:00,Asia/Kolkata
2025-03-30,17:30,18:30,Asia/Kolkata
2025-03-31,09:00,10:30,Asia/Kolkata
2025-03-31,11:00,12:30,Asia/Kolkata
2025-03-31,13:00,14:00,Asia/Kolkata
2025-03-31,14:30,15:30,Asia/Kolkata
2025-03-31,16:00,17:00,Asia/Kolkata
2025-03-31,17:30,18:30,Asia/Kolkata
